<catalog name="Default" version="1">
	<description>Default texture splatting catalog</description>
	<classes>
		<class name="cropland1">
			<image>cropland2.jpg</image>
		</class>
		<class name="cropland2">
			<image>cropland5.jpg</image>
		</class>
		<class name="cropland3">
			<image>cropland6.jpg</image>
		</class>
		<class name="cropland4">
			<image>cropland6.jpg</image>
		</class>
		<class name="forest">
			<image>forest5.jpg</image>
		</class>
		<class name="forest1">
			<image>forest5.jpg</image>
		</class>
		<class name="forest2">
			<image>forest6.jpg</image>
		</class>
		<class name="forest3">
			<image>forest7.jpg</image>
		</class>
		<class name="forest4">
			<image>forest8.jpg</image>
		</class>
		<class name="forest5">
			<image>forest9.jpg</image>
		</class>
		<class name="grassland">
			<image>grass5.jpg</image>
		</class>
		<class name="grassland2">
			<image>grass6.jpg</image>
		</class>
		<class name="savanna">
			<image>savanna1.jpg</image>
		</class>
		<class name="swamp">
			<image>swamp.jpg</image>
		</class>
		<class name="desert">
			<image>barren.jpg</image>
			<detail>
				<image>rock_dark.jpg</image>
				<threshold>0.8</threshold>
				<contrast>1.5</contrast>
				<scale>9.0</scale>
			</detail>
		</class>
		<class name="mountain">
			<image>rock_dark.jpg</image>
		</class>
		<class name="tundra">
            <image>tundra.jpg</image>
            <detail>
                <image>rock_dark.jpg</image>
                <slope>0.18</slope>
                <contrast>2.8</contrast>
                <scale>12.0</scale>
            </detail>
        </class>
		<class name="urban">
			<image>urban3.jpg</image>
		</class>
        <class name="asphalt">
            <image>asphalt.jpg</image>
        </class>
        <class name="sand">
            <image>sand.jpg</image>
        </class>
		<class name="water">
            <range max_lod="10">
                <image>water.jpg</image>
            </range>
            <range>
                <image>water2.jpg</image>
            </range>
		</class>
	</classes>
</catalog>
